country,precipitation
Indonesia,3442.41484
Brunei,3340.0527
Malaysia,3247.56196
Philippines,3057.73522
Myanmar,2139.95768
Vietnam,2115.74262
East Timor,1918.1853800000001
Laos,1872.4819
Cambodia,1858.18832
Thailand,1630.27798
